gvkey,iid,datadate,cusip,conm,prccd,prchd,prcld,prcod
035653,90,2019/10/10,09075V102,BIONTECH SE,14.2400,16.6985,13.0100,16.5000
035653,90,2019/10/11,09075V102,BIONTECH SE,13.8200,15.3400,13.5000,15.3400
035653,90,2019/10/14,09075V102,BIONTECH SE,12.7500,13.9100,12.5250,13.8300
035653,90,2019/10/15,09075V102,BIONTECH SE,12.9200,13.0000,12.5300,12.9900
035653,90,2019/10/16,09075V102,BIONTECH SE,12.9400,13.8800,12.6100,13.2000
035653,90,2019/10/17,09075V102,BIONTECH SE,13.0000,13.4800,12.6750,13.2400
035653,90,2019/10/18,09075V102,BIONTECH SE,14.1400,14.2499,13.3000,13.3000
035653,90,2019/10/21,09075V102,BIONTECH SE,16.2800,16.2800,14.8200,14.9400
035653,90,2019/10/22,09075V102,BIONTECH SE,20.6400,20.6400,17.0500,17.0500
035653,90,2019/10/23,09075V102,BIONTECH SE,17.6400,21.9900,16.7900,21.9500
035653,90,2019/10/24,09075V102,BIONTECH SE,18.8500,19.9999,17.1100,18.7300
035653,90,2019/10/25,09075V102,BIONTECH SE,17.5700,18.5000,16.7500,18.5000
035653,90,2019/10/28,09075V102,BIONTECH SE,16.4600,18.1800,16.4600,17.0800
035653,90,2019/10/29,09075V102,BIONTECH SE,17.0000,17.2853,16.6300,16.9200
035653,90,2019/10/30,09075V102,BIONTECH SE,16.7900,17.1899,16.4300,17.0000
035653,90,2019/10/31,09075V102,BIONTECH SE,16.8200,16.8200,16.3900,16.8000
035653,90,2019/11/01,09075V102,BIONTECH SE,16.5200,16.8000,16.1200,16.8000
035653,90,2019/11/04,09075V102,BIONTECH SE,18.9700,19.6799,17.0500,17.0500
035653,90,2019/11/05,09075V102,BIONTECH SE,18.4800,20.3900,18.2300,20.3900
035653,90,2019/11/06,09075V102,BIONTECH SE,17.3800,18.6600,17.0300,18.3900
035653,90,2019/11/07,09075V102,BIONTECH SE,18.4200,18.5800,17.3600,17.3600
035653,90,2019/11/08,09075V102,BIONTECH SE,18.8700,19.1400,18.3500,18.3500
035653,90,2019/11/11,09075V102,BIONTECH SE,19.7400,19.9800,19.0400,19.3600
035653,90,2019/11/12,09075V102,BIONTECH SE,17.6400,19.7100,17.0700,19.5000
035653,90,2019/11/13,09075V102,BIONTECH SE,18.5500,18.9200,17.8000,17.8000
035653,90,2019/11/14,09075V102,BIONTECH SE,19.0000,19.3700,18.6473,18.8600
035653,90,2019/11/15,09075V102,BIONTECH SE,19.2400,19.8000,19.0200,19.1000
035653,90,2019/11/18,09075V102,BIONTECH SE,19.7000,20.5000,19.1500,19.1500
035653,90,2019/11/19,09075V102,BIONTECH SE,20.3300,20.6900,19.5000,19.6400
035653,90,2019/11/20,09075V102,BIONTECH SE,20.3500,21.6700,19.9800,20.0000
035653,90,2019/11/21,09075V102,BIONTECH SE,19.6800,22.0000,18.6000,20.8000
035653,90,2019/11/22,09075V102,BIONTECH SE,21.3300,21.9800,20.0000,20.0000
035653,90,2019/11/25,09075V102,BIONTECH SE,20.7500,23.4000,20.3801,22.5500
035653,90,2019/11/26,09075V102,BIONTECH SE,21.3600,21.4500,20.4900,21.0300
035653,90,2019/11/27,09075V102,BIONTECH SE,21.8800,21.9800,21.1650,21.9200
035653,90,2019/11/29,09075V102,BIONTECH SE,21.9800,23.2146,21.8500,22.0000
035653,90,2019/12/02,09075V102,BIONTECH SE,21.8700,23.1300,21.0900,22.6600
035653,90,2019/12/03,09075V102,BIONTECH SE,20.7700,23.1500,20.7200,22.0500
035653,90,2019/12/04,09075V102,BIONTECH SE,21.3700,22.9600,21.0500,21.4900
035653,90,2019/12/05,09075V102,BIONTECH SE,22.4900,22.6700,21.3500,21.7500
035653,90,2019/12/06,09075V102,BIONTECH SE,24.3700,24.4700,22.6600,22.8500
035653,90,2019/12/09,09075V102,BIONTECH SE,29.0000,29.9700,25.0000,25.0000
035653,90,2019/12/10,09075V102,BIONTECH SE,28.0000,29.4900,27.2800,29.0000
035653,90,2019/12/11,09075V102,BIONTECH SE,31.3000,31.3000,28.6500,28.7000
035653,90,2019/12/12,09075V102,BIONTECH SE,29.8400,34.0000,28.9800,32.7000
035653,90,2019/12/13,09075V102,BIONTECH SE,32.4500,32.8500,30.7000,32.1500
035653,90,2019/12/16,09075V102,BIONTECH SE,35.0000,38.7500,34.6600,38.4400
035653,90,2019/12/17,09075V102,BIONTECH SE,36.9100,36.9184,34.8200,36.5100
035653,90,2019/12/18,09075V102,BIONTECH SE,35.0000,35.8200,33.1200,35.4800
035653,90,2019/12/19,09075V102,BIONTECH SE,29.3400,33.8700,27.7279,33.8700
035653,90,2019/12/20,09075V102,BIONTECH SE,34.9700,34.9700,31.8100,31.8100
035653,90,2019/12/23,09075V102,BIONTECH SE,34.7300,35.8999,33.1000,34.9100
035653,90,2019/12/24,09075V102,BIONTECH SE,33.4700,34.6100,33.0100,34.6100
035653,90,2019/12/26,09075V102,BIONTECH SE,33.2000,34.0000,31.5908,33.2900
035653,90,2019/12/27,09075V102,BIONTECH SE,32.5800,33.5800,32.0200,32.6100
035653,90,2019/12/30,09075V102,BIONTECH SE,34.9100,34.9100,33.0000,33.0000
035653,90,2019/12/31,09075V102,BIONTECH SE,33.8800,34.7585,33.6900,34.7100
035653,90,2020/01/02,09075V102,BIONTECH SE,38.5000,38.5000,35.3600,35.7500
035653,90,2020/01/03,09075V102,BIONTECH SE,40.0500,41.2501,36.4200,38.0000
035653,90,2020/01/06,09075V102,BIONTECH SE,44.5800,45.0000,40.1000,40.1100
035653,90,2020/01/07,09075V102,BIONTECH SE,43.3400,48.8500,41.1800,47.4000
035653,90,2020/01/08,09075V102,BIONTECH SE,45.1000,46.3300,44.1800,44.3000
035653,90,2020/01/09,09075V102,BIONTECH SE,43.2700,46.7100,42.7100,46.5500
035653,90,2020/01/10,09075V102,BIONTECH SE,39.6800,44.9900,38.2101,44.9900
035653,90,2020/01/13,09075V102,BIONTECH SE,37.8300,41.3200,35.2600,41.0100
035653,90,2020/01/14,09075V102,BIONTECH SE,34.5300,35.4750,33.2200,35.3000
035653,90,2020/01/15,09075V102,BIONTECH SE,34.5500,39.8500,33.6000,35.3000
035653,90,2020/01/16,09075V102,BIONTECH SE,32.2500,35.9000,31.2750,35.7500
035653,90,2020/01/17,09075V102,BIONTECH SE,33.1800,33.6000,30.3300,33.0500
035653,90,2020/01/21,09075V102,BIONTECH SE,36.5400,36.5400,33.5132,33.7900
035653,90,2020/01/22,09075V102,BIONTECH SE,38.8800,39.0300,36.7500,37.6100
035653,90,2020/01/23,09075V102,BIONTECH SE,36.7000,37.5500,35.3100,37.2100
035653,90,2020/01/24,09075V102,BIONTECH SE,34.9900,35.9000,33.5663,35.3200
035653,90,2020/01/27,09075V102,BIONTECH SE,33.2000,34.5350,32.7500,33.2400
035653,90,2020/01/28,09075V102,BIONTECH SE,34.2200,34.8300,32.6000,34.0400
035653,90,2020/01/29,09075V102,BIONTECH SE,31.8000,33.9500,31.7400,33.9500
035653,90,2020/01/30,09075V102,BIONTECH SE,29.9000,31.1900,28.5800,30.7000
035653,90,2020/01/31,09075V102,BIONTECH SE,29.2100,30.9500,28.5000,30.3600
035653,90,2020/02/03,09075V102,BIONTECH SE,30.2700,30.6900,28.7800,29.8000
035653,90,2020/02/04,09075V102,BIONTECH SE,32.9200,32.9200,29.1700,29.1700
035653,90,2020/02/05,09075V102,BIONTECH SE,29.2500,34.0000,28.6900,34.0000
035653,90,2020/02/06,09075V102,BIONTECH SE,32.9300,32.9300,29.6800,32.0000
035653,90,2020/02/07,09075V102,BIONTECH SE,30.8800,32.4900,30.0700,31.8800
035653,90,2020/02/10,09075V102,BIONTECH SE,32.1200,32.1500,30.1100,30.9900
035653,90,2020/02/11,09075V102,BIONTECH SE,30.7100,31.4800,29.8000,31.4800
035653,90,2020/02/12,09075V102,BIONTECH SE,29.5600,31.0999,29.0000,30.0000
035653,90,2020/02/13,09075V102,BIONTECH SE,30.6400,30.6400,29.0800,29.5100
035653,90,2020/02/14,09075V102,BIONTECH SE,30.7500,31.5700,29.7200,31.0000
035653,90,2020/02/18,09075V102,BIONTECH SE,31.5400,31.5400,30.2600,30.4900
035653,90,2020/02/19,09075V102,BIONTECH SE,32.2500,32.2900,30.7500,31.5000
035653,90,2020/02/20,09075V102,BIONTECH SE,32.3800,32.5800,31.0050,31.7200
035653,90,2020/02/21,09075V102,BIONTECH SE,32.3500,32.4600,31.2700,31.8000
035653,90,2020/02/24,09075V102,BIONTECH SE,30.6000,31.1000,29.1400,30.0000
035653,90,2020/02/25,09075V102,BIONTECH SE,33.4400,33.9600,30.0000,30.0000
035653,90,2020/02/26,09075V102,BIONTECH SE,33.7500,34.3900,31.5500,31.8500
035653,90,2020/02/27,09075V102,BIONTECH SE,33.8800,33.9700,31.0494,31.4500
035653,90,2020/02/28,09075V102,BIONTECH SE,35.1000,35.1000,32.8500,33.4000
035653,90,2020/03/02,09075V102,BIONTECH SE,36.6000,36.6000,34.0000,35.0100
035653,90,2020/03/03,09075V102,BIONTECH SE,38.4800,40.9980,36.6000,36.6500
035653,90,2020/03/04,09075V102,BIONTECH SE,39.1900,39.3000,38.0000,39.0000
035653,90,2020/03/05,09075V102,BIONTECH SE,37.1200,38.0600,35.6400,37.7100
035653,90,2020/03/06,09075V102,BIONTECH SE,38.0900,40.9455,35.6100,37.6200
035653,90,2020/03/09,09075V102,BIONTECH SE,33.4800,35.9000,32.3996,35.1500
035653,90,2020/03/10,09075V102,BIONTECH SE,33.9600,35.8300,31.4522,35.0800
035653,90,2020/03/11,09075V102,BIONTECH SE,32.1700,34.0950,31.0000,33.4000
035653,90,2020/03/12,09075V102,BIONTECH SE,28.5500,30.3950,28.0000,28.9900
035653,90,2020/03/13,09075V102,BIONTECH SE,30.9300,31.9800,29.1900,30.0000
035653,90,2020/03/16,09075V102,BIONTECH SE,40.0000,52.8000,38.0000,49.3600
035653,90,2020/03/17,09075V102,BIONTECH SE,66.6000,76.0000,56.0100,65.0000
035653,90,2020/03/18,09075V102,BIONTECH SE,92.0000,105.0000,82.2086,90.3900
035653,90,2020/03/19,09075V102,BIONTECH SE,59.3000,83.3289,59.0000,83.2000
035653,90,2020/03/20,09075V102,BIONTECH SE,46.5000,55.0000,43.6600,54.9500
035653,90,2020/03/23,09075V102,BIONTECH SE,51.3100,59.9800,50.3100,59.0000
035653,90,2020/03/24,09075V102,BIONTECH SE,53.6400,58.9900,48.0200,58.9000
035653,90,2020/03/25,09075V102,BIONTECH SE,47.2000,53.6850,47.2000,53.6300
035653,90,2020/03/26,09075V102,BIONTECH SE,55.0000,55.7500,50.0000,52.0000
035653,90,2020/03/27,09075V102,BIONTECH SE,55.0000,55.4000,51.3200,54.8300
035653,90,2020/03/30,09075V102,BIONTECH SE,62.0000,64.4500,59.0400,60.0000
035653,90,2020/03/31,09075V102,BIONTECH SE,58.4000,62.0000,57.0000,59.8600
035653,90,2020/04/01,09075V102,BIONTECH SE,52.9200,58.1950,52.4800,56.3500
035653,90,2020/04/02,09075V102,BIONTECH SE,56.9100,56.9300,53.0000,55.5000
035653,90,2020/04/03,09075V102,BIONTECH SE,52.7500,57.9800,52.0100,57.9800
035653,90,2020/04/06,09075V102,BIONTECH SE,52.7300,55.6000,52.4000,55.5000
035653,90,2020/04/07,09075V102,BIONTECH SE,45.6000,50.2000,44.0000,50.0000
035653,90,2020/04/08,09075V102,BIONTECH SE,44.9500,48.1000,44.5101,48.1000
035653,90,2020/04/09,09075V102,BIONTECH SE,45.4100,53.0000,45.0000,52.0100
035653,90,2020/04/13,09075V102,BIONTECH SE,41.7100,46.3900,41.0000,46.0200
035653,90,2020/04/14,09075V102,BIONTECH SE,41.6300,43.9800,41.4000,43.8200
035653,90,2020/04/15,09075V102,BIONTECH SE,38.5800,41.2400,38.1300,40.9000
035653,90,2020/04/16,09075V102,BIONTECH SE,38.7900,39.2600,37.0000,38.7600
035653,90,2020/04/17,09075V102,BIONTECH SE,40.8100,41.7069,38.8753,40.3000
035653,90,2020/04/20,09075V102,BIONTECH SE,43.3700,45.9000,41.0000,41.4900
035653,90,2020/04/21,09075V102,BIONTECH SE,42.2600,45.9000,39.8000,45.2700
035653,90,2020/04/22,09075V102,BIONTECH SE,53.5000,55.8500,45.2000,54.4400
035653,90,2020/04/23,09075V102,BIONTECH SE,50.0000,58.0000,49.2200,58.0000
035653,90,2020/04/24,09075V102,BIONTECH SE,47.7500,51.4900,47.6000,51.2400
035653,90,2020/04/27,09075V102,BIONTECH SE,49.4000,50.2500,48.1600,48.8900
035653,90,2020/04/28,09075V102,BIONTECH SE,45.8300,48.9800,44.8000,48.6000
035653,90,2020/04/29,09075V102,BIONTECH SE,49.2500,49.7000,46.1300,48.0000
035653,90,2020/04/30,09075V102,BIONTECH SE,47.4800,49.2200,46.0200,49.2100
035653,90,2020/05/01,09075V102,BIONTECH SE,45.1100,46.9900,43.0000,46.0000
035653,90,2020/05/04,09075V102,BIONTECH SE,45.7800,47.4699,44.3600,45.2000
035653,90,2020/05/05,09075V102,BIONTECH SE,50.0000,50.3750,47.7060,48.4100
035653,90,2020/05/06,09075V102,BIONTECH SE,47.7800,50.2000,47.5000,50.1400
035653,90,2020/05/07,09075V102,BIONTECH SE,49.3200,49.5000,48.3500,49.2600
035653,90,2020/05/08,09075V102,BIONTECH SE,49.2400,49.8880,48.2076,49.1600
035653,90,2020/05/11,09075V102,BIONTECH SE,49.9800,50.7900,47.9135,49.6100
035653,90,2020/05/12,09075V102,BIONTECH SE,49.3300,52.1200,49.2000,50.4000
035653,90,2020/05/13,09075V102,BIONTECH SE,48.4900,50.8900,47.4300,50.5000
035653,90,2020/05/14,09075V102,BIONTECH SE,48.6600,49.0800,45.0800,48.5600
035653,90,2020/05/15,09075V102,BIONTECH SE,49.4900,49.7400,48.2000,48.5100
035653,90,2020/05/18,09075V102,BIONTECH SE,60.1700,60.4300,50.6000,54.7400
035653,90,2020/05/19,09075V102,BIONTECH SE,50.5900,57.9400,49.9500,57.0000
035653,90,2020/05/20,09075V102,BIONTECH SE,53.0400,53.7200,51.6200,53.2100
035653,90,2020/05/21,09075V102,BIONTECH SE,51.9000,54.2000,51.1450,54.1000
035653,90,2020/05/22,09075V102,BIONTECH SE,51.0300,52.6100,50.7600,52.1500
035653,90,2020/05/26,09075V102,BIONTECH SE,50.8800,52.5500,49.3400,52.4000
035653,90,2020/05/27,09075V102,BIONTECH SE,47.5900,50.2200,46.3000,49.5300
035653,90,2020/05/28,09075V102,BIONTECH SE,46.8700,50.1100,46.7530,48.3400
035653,90,2020/05/29,09075V102,BIONTECH SE,49.5300,49.5300,47.1600,48.1900
035653,90,2020/06/01,09075V102,BIONTECH SE,52.3000,53.2100,49.5400,50.0000
035653,90,2020/06/02,09075V102,BIONTECH SE,52.3800,52.8500,50.1000,51.9800
035653,90,2020/06/03,09075V102,BIONTECH SE,51.1600,52.2300,49.5400,51.8500
035653,90,2020/06/04,09075V102,BIONTECH SE,50.0000,51.8600,49.7000,50.4500
035653,90,2020/06/05,09075V102,BIONTECH SE,49.1800,50.2300,48.5000,49.8000
035653,90,2020/06/08,09075V102,BIONTECH SE,48.7800,49.2410,47.4200,49.2200
035653,90,2020/06/09,09075V102,BIONTECH SE,47.7900,48.1000,46.8700,47.8000
035653,90,2020/06/10,09075V102,BIONTECH SE,47.4100,47.9990,46.5500,47.8000
035653,90,2020/06/11,09075V102,BIONTECH SE,48.6000,49.1900,47.0701,49.0000
035653,90,2020/06/12,09075V102,BIONTECH SE,48.5800,49.4400,47.0100,49.3700
035653,90,2020/06/15,09075V102,BIONTECH SE,50.8500,51.1700,48.2900,48.7200
035653,90,2020/06/16,09075V102,BIONTECH SE,49.9000,51.5000,49.0900,51.0000
035653,90,2020/06/17,09075V102,BIONTECH SE,50.8500,51.5000,49.5001,49.7500
035653,90,2020/06/18,09075V102,BIONTECH SE,50.9400,51.5900,49.8300,49.8600
035653,90,2020/06/19,09075V102,BIONTECH SE,51.3600,51.5800,49.9100,50.9000
035653,90,2020/06/22,09075V102,BIONTECH SE,57.4500,58.9000,51.8500,51.9500
035653,90,2020/06/23,09075V102,BIONTECH SE,52.7500,56.0000,51.5200,55.6200
035653,90,2020/06/24,09075V102,BIONTECH SE,54.7300,55.3500,51.8101,53.0000
035653,90,2020/06/25,09075V102,BIONTECH SE,59.7100,59.9200,53.5201,54.5100
035653,90,2020/06/26,09075V102,BIONTECH SE,62.1300,63.3700,56.5000,56.6300
035653,90,2020/06/29,09075V102,BIONTECH SE,65.8000,71.3800,64.1200,65.6800
035653,90,2020/06/30,09075V102,BIONTECH SE,66.7400,68.2500,62.2197,66.1600
035653,90,2020/07/01,09075V102,BIONTECH SE,64.1400,79.3800,62.3000,77.7000
035653,90,2020/07/02,09075V102,BIONTECH SE,63.2700,69.3899,62.7300,68.2450
035653,90,2020/07/06,09075V102,BIONTECH SE,65.5100,66.9000,64.3300,65.5900
035653,90,2020/07/07,09075V102,BIONTECH SE,69.3400,70.8900,63.5100,64.0000
035653,90,2020/07/08,09075V102,BIONTECH SE,67.5600,68.5800,66.4600,67.2100
035653,90,2020/07/09,09075V102,BIONTECH SE,65.6100,68.0000,64.5100,66.6100
035653,90,2020/07/10,09075V102,BIONTECH SE,70.3600,71.2899,67.0000,67.0000
035653,90,2020/07/13,09075V102,BIONTECH SE,77.7800,84.8900,75.7500,78.4700
035653,90,2020/07/14,09075V102,BIONTECH SE,83.8800,85.0000,78.0000,82.5700
035653,90,2020/07/15,09075V102,BIONTECH SE,78.0000,87.5800,76.8000,86.0800
035653,90,2020/07/16,09075V102,BIONTECH SE,75.8700,80.5000,74.5600,80.5000
035653,90,2020/07/17,09075V102,BIONTECH SE,85.2500,86.4000,76.4200,76.5400
035653,90,2020/07/20,09075V102,BIONTECH SE,88.2000,96.0899,85.7700,91.7465
035653,90,2020/07/21,09075V102,BIONTECH SE,91.6000,97.8200,90.0500,92.0000
035653,90,2020/07/22,09075V102,BIONTECH SE,104.1700,104.9900,93.6500,99.1900
035653,90,2020/07/23,09075V102,BIONTECH SE,88.5100,101.1500,87.0000,97.5140
035653,90,2020/07/24,09075V102,BIONTECH SE,84.1700,86.7000,80.3400,86.3000
035653,90,2020/07/27,09075V102,BIONTECH SE,86.5300,88.2000,81.7744,87.4400
035653,90,2020/07/28,09075V102,BIONTECH SE,85.3800,90.4000,84.1000,89.0000
035653,90,2020/07/29,09075V102,BIONTECH SE,82.5000,86.7900,80.0200,85.5400
035653,90,2020/07/30,09075V102,BIONTECH SE,84.1600,84.8800,78.0000,79.0500
035653,90,2020/07/31,09075V102,BIONTECH SE,82.1100,86.9500,80.8500,86.0000
035653,90,2020/08/03,09075V102,BIONTECH SE,85.4700,85.4800,81.8400,82.9900
035653,90,2020/08/04,09075V102,BIONTECH SE,83.1700,84.5000,81.0800,84.4400
035653,90,2020/08/05,09075V102,BIONTECH SE,81.3000,83.2000,76.8450,82.8200
035653,90,2020/08/06,09075V102,BIONTECH SE,77.0800,80.2600,76.5800,79.2900
035653,90,2020/08/07,09075V102,BIONTECH SE,77.0000,78.5400,74.0300,77.0900
035653,90,2020/08/10,09075V102,BIONTECH SE,73.9500,77.2775,70.9000,77.0000
035653,90,2020/08/11,09075V102,BIONTECH SE,68.4500,72.8800,66.5100,69.0000
035653,90,2020/08/12,09075V102,BIONTECH SE,69.1100,71.1600,66.1200,70.8900
035653,90,2020/08/13,09075V102,BIONTECH SE,71.0000,71.5300,67.3038,68.2500
035653,90,2020/08/14,09075V102,BIONTECH SE,68.6400,70.9800,68.0200,70.9300
035653,90,2020/08/17,09075V102,BIONTECH SE,70.2600,71.3558,68.8100,69.0900
035653,90,2020/08/18,09075V102,BIONTECH SE,67.8800,70.3500,67.0600,69.6900
035653,90,2020/08/19,09075V102,BIONTECH SE,65.6000,67.4800,65.0100,67.4200
035653,90,2020/08/20,09075V102,BIONTECH SE,66.2700,70.2900,64.0800,66.0770
035653,90,2020/08/21,09075V102,BIONTECH SE,73.0200,76.2800,70.3400,71.7700
035653,90,2020/08/24,09075V102,BIONTECH SE,70.8500,77.4000,69.7500,76.9900
035653,90,2020/08/25,09075V102,BIONTECH SE,70.4900,70.5000,68.2100,70.0700
035653,90,2020/08/26,09075V102,BIONTECH SE,67.9000,70.0000,67.0500,70.0000
035653,90,2020/08/27,09075V102,BIONTECH SE,65.5900,68.6900,64.7901,68.2000
035653,90,2020/08/28,09075V102,BIONTECH SE,64.0000,65.5000,63.3200,65.0400
035653,90,2020/08/31,09075V102,BIONTECH SE,61.2500,63.1800,60.3400,62.8200
035653,90,2020/09/01,09075V102,BIONTECH SE,57.8100,60.5300,56.6600,58.7100
035653,90,2020/09/02,09075V102,BIONTECH SE,61.9900,63.2900,54.9600,56.0100
035653,90,2020/09/03,09075V102,BIONTECH SE,59.2800,63.6700,57.1000,63.4500
035653,90,2020/09/04,09075V102,BIONTECH SE,58.5700,59.9600,54.1000,59.2800
035653,90,2020/09/08,09075V102,BIONTECH SE,59.8300,61.0000,58.6900,60.1600
035653,90,2020/09/09,09075V102,BIONTECH SE,62.3200,63.3800,60.6000,63.0000
035653,90,2020/09/10,09075V102,BIONTECH SE,61.2000,62.2800,60.5000,62.0000
035653,90,2020/09/11,09075V102,BIONTECH SE,65.1300,65.2800,61.0500,61.4520
035653,90,2020/09/14,09075V102,BIONTECH SE,67.4800,69.6500,66.7700,67.5000
035653,90,2020/09/15,09075V102,BIONTECH SE,66.9200,70.0000,66.1500,70.0000
035653,90,2020/09/16,09075V102,BIONTECH SE,66.0400,67.2900,65.4078,65.5100
035653,90,2020/09/17,09075V102,BIONTECH SE,66.7800,68.7100,65.1500,66.8200
035653,90,2020/09/18,09075V102,BIONTECH SE,67.0000,68.4400,65.1700,68.0100
035653,90,2020/09/21,09075V102,BIONTECH SE,66.1200,66.2000,62.3000,65.5600
035653,90,2020/09/22,09075V102,BIONTECH SE,67.0500,67.7573,63.6100,65.3800
035653,90,2020/09/23,09075V102,BIONTECH SE,63.8300,67.2800,63.6861,67.2500
035653,90,2020/09/24,09075V102,BIONTECH SE,62.8300,63.9300,58.8100,62.6200
035653,90,2020/09/25,09075V102,BIONTECH SE,66.6900,66.8711,61.2700,61.2700
035653,90,2020/09/28,09075V102,BIONTECH SE,66.5000,67.8000,65.7200,66.9900
035653,90,2020/09/29,09075V102,BIONTECH SE,66.8600,67.1087,65.7600,66.6000
035653,90,2020/09/30,09075V102,BIONTECH SE,69.2300,69.4700,67.0984,67.4000
035653,90,2020/10/01,09075V102,BIONTECH SE,72.7100,72.8700,69.3100,70.0000
035653,90,2020/10/02,09075V102,BIONTECH SE,73.7000,75.0000,71.1600,71.8500
035653,90,2020/10/05,09075V102,BIONTECH SE,80.7000,81.5600,75.6500,75.7000
035653,90,2020/10/06,09075V102,BIONTECH SE,85.5900,88.3000,83.5200,86.8400
035653,90,2020/10/07,09075V102,BIONTECH SE,86.2300,86.4400,80.7000,83.3200
035653,90,2020/10/08,09075V102,BIONTECH SE,87.9500,89.4300,85.6000,85.8300
035653,90,2020/10/09,09075V102,BIONTECH SE,89.0400,90.0000,87.5000,88.9800
035653,90,2020/10/12,09075V102,BIONTECH SE,88.7400,91.9000,87.6000,91.0000
035653,90,2020/10/13,09075V102,BIONTECH SE,93.0000,94.0162,89.5600,90.0800
035653,90,2020/10/14,09075V102,BIONTECH SE,86.8600,95.4400,85.0500,95.4190
035653,90,2020/10/15,09075V102,BIONTECH SE,90.3800,90.4190,85.5000,85.6500
035653,90,2020/10/16,09075V102,BIONTECH SE,94.0900,94.1500,91.5500,93.6000
035653,90,2020/10/19,09075V102,BIONTECH SE,93.9200,97.2900,92.2400,96.2300
035653,90,2020/10/20,09075V102,BIONTECH SE,94.3500,96.1167,91.6107,93.9200
035653,90,2020/10/21,09075V102,BIONTECH SE,87.7200,92.9400,85.6700,92.7500
035653,90,2020/10/22,09075V102,BIONTECH SE,86.3600,90.1200,85.4171,88.9900
035653,90,2020/10/23,09075V102,BIONTECH SE,88.6900,89.9900,87.0600,89.6050
035653,90,2020/10/26,09075V102,BIONTECH SE,82.9300,89.8400,80.3500,88.2200
035653,90,2020/10/27,09075V102,BIONTECH SE,83.9500,84.0550,80.5102,83.0000
035653,90,2020/10/28,09075V102,BIONTECH SE,77.5400,80.7400,75.3450,79.8900
035653,90,2020/10/29,09075V102,BIONTECH SE,84.8100,85.7701,79.2200,81.4900
035653,90,2020/10/30,09075V102,BIONTECH SE,85.3600,88.5000,83.0500,87.0100
035653,90,2020/11/02,09075V102,BIONTECH SE,87.1000,88.0000,83.1800,87.9040
035653,90,2020/11/03,09075V102,BIONTECH SE,87.2200,88.2000,84.8500,84.9100
035653,90,2020/11/04,09075V102,BIONTECH SE,90.6900,91.1294,86.5100,86.5100
035653,90,2020/11/05,09075V102,BIONTECH SE,92.0000,92.8400,89.6700,91.3300
035653,90,2020/11/06,09075V102,BIONTECH SE,92.0000,92.2000,90.3300,92.0000
035653,90,2020/11/09,09075V102,BIONTECH SE,104.8000,115.0000,98.5100,114.0200
035653,90,2020/11/10,09075V102,BIONTECH SE,112.7600,113.4000,106.2000,110.0000
035653,90,2020/11/11,09075V102,BIONTECH SE,109.4500,112.5000,108.6127,112.0000
035653,90,2020/11/12,09075V102,BIONTECH SE,101.6300,107.1287,100.5000,106.8100
035653,90,2020/11/13,09075V102,BIONTECH SE,106.0000,108.2000,103.3700,104.1200
035653,90,2020/11/16,09075V102,BIONTECH SE,91.5200,97.0000,87.0700,96.6400
035653,90,2020/11/17,09075V102,BIONTECH SE,86.9300,92.0000,86.6500,89.0000
035653,90,2020/11/18,09075V102,BIONTECH SE,90.4400,92.4600,88.2600,90.8000
035653,90,2020/11/19,09075V102,BIONTECH SE,94.9300,95.0900,91.2900,91.6000
035653,90,2020/11/20,09075V102,BIONTECH SE,104.0700,105.3300,99.0500,100.0000
035653,90,2020/11/23,09075V102,BIONTECH SE,106.5000,109.9800,104.2000,109.7300
035653,90,2020/11/24,09075V102,BIONTECH SE,101.8700,103.4300,97.5601,100.9200
035653,90,2020/11/25,09075V102,BIONTECH SE,104.9600,106.0600,99.1000,100.0000
035653,90,2020/11/27,09075V102,BIONTECH SE,109.9900,111.2000,106.1000,106.4400
035653,90,2020/11/30,09075V102,BIONTECH SE,124.2400,124.9100,113.5000,113.6400
035653,90,2020/12/01,09075V102,BIONTECH SE,114.0100,128.1299,108.0000,124.5000
035653,90,2020/12/02,09075V102,BIONTECH SE,121.0900,123.5900,116.4300,120.8500
035653,90,2020/12/03,09075V102,BIONTECH SE,118.6800,121.8000,115.0000,119.8500
035653,90,2020/12/04,09075V102,BIONTECH SE,120.0000,120.7500,114.4200,117.8420
035653,90,2020/12/07,09075V102,BIONTECH SE,125.7000,126.3800,121.0000,121.0000
035653,90,2020/12/08,09075V102,BIONTECH SE,128.1100,129.8998,126.5000,127.0000
035653,90,2020/12/09,09075V102,BIONTECH SE,122.8100,129.0500,116.5800,128.9900
035653,90,2020/12/10,09075V102,BIONTECH SE,129.5400,129.9500,123.2900,123.8200
035653,90,2020/12/11,09075V102,BIONTECH SE,127.3000,131.0000,124.6401,130.1000
035653,90,2020/12/14,09075V102,BIONTECH SE,108.2700,127.0000,105.2500,126.6290
035653,90,2020/12/15,09075V102,BIONTECH SE,111.2000,116.2600,108.3300,114.2100
035653,90,2020/12/16,09075V102,BIONTECH SE,105.7800,112.8500,102.3300,112.2200
035653,90,2020/12/17,09075V102,BIONTECH SE,106.4300,107.5900,101.6201,102.6352
035653,90,2020/12/18,09075V102,BIONTECH SE,104.2400,106.7700,102.5700,106.4600
035653,90,2020/12/21,09075V102,BIONTECH SE,106.4600,107.9700,104.5700,107.5100
035653,90,2020/12/22,09075V102,BIONTECH SE,100.5600,107.2100,95.6000,107.0700
035653,90,2020/12/23,09075V102,BIONTECH SE,100.0600,100.5000,95.0000,97.1200
035653,90,2020/12/24,09075V102,BIONTECH SE,96.9600,99.8900,96.6400,98.5000
035653,90,2020/12/28,09075V102,BIONTECH SE,88.1100,95.4000,87.0700,95.0000
035653,90,2020/12/29,09075V102,BIONTECH SE,88.2800,89.3900,83.8525,84.4500
035653,90,2020/12/30,09075V102,BIONTECH SE,83.9400,90.8900,83.0268,90.0000
035653,90,2020/12/31,09075V102,BIONTECH SE,81.5200,85.5000,80.5500,83.3800
035653,90,2021/01/04,09075V102,BIONTECH SE,85.7300,88.1299,83.0000,85.4510
035653,90,2021/01/05,09075V102,BIONTECH SE,86.7800,88.9800,84.8900,87.9500
035653,90,2021/01/06,09075V102,BIONTECH SE,91.1600,91.4900,86.2500,86.7550
035653,90,2021/01/07,09075V102,BIONTECH SE,93.6900,94.7900,91.0100,94.0000
035653,90,2021/01/08,09075V102,BIONTECH SE,100.3900,101.2000,97.0000,98.1000
035653,90,2021/01/11,09075V102,BIONTECH SE,108.9000,109.4000,102.1000,102.8400
035653,90,2021/01/12,09075V102,BIONTECH SE,105.4500,107.6779,101.0100,104.9700
035653,90,2021/01/13,09075V102,BIONTECH SE,102.6100,106.0000,102.0400,103.4800
035653,90,2021/01/14,09075V102,BIONTECH SE,105.8500,106.5000,102.2600,102.7900
035653,90,2021/01/15,09075V102,BIONTECH SE,101.5900,104.9900,97.2500,104.2500
035653,90,2021/01/19,09075V102,BIONTECH SE,104.7000,105.4400,100.2000,101.2600
035653,90,2021/01/20,09075V102,BIONTECH SE,103.2300,105.5000,102.3300,104.4100
035653,90,2021/01/21,09075V102,BIONTECH SE,105.4300,107.3000,103.2000,104.0000
035653,90,2021/01/22,09075V102,BIONTECH SE,108.4400,108.4800,104.3150,104.5000
035653,90,2021/01/25,09075V102,BIONTECH SE,110.6100,110.9800,105.1400,108.0000
035653,90,2021/01/26,09075V102,BIONTECH SE,106.2900,112.8316,105.4900,110.2800
035653,90,2021/01/27,09075V102,BIONTECH SE,105.9700,110.8639,103.0200,105.1500
035653,90,2021/01/28,09075V102,BIONTECH SE,110.0000,111.2400,106.6000,107.6620
035653,90,2021/01/29,09075V102,BIONTECH SE,116.9400,118.1700,111.4000,114.9400
035653,90,2021/02/01,09075V102,BIONTECH SE,116.1000,119.5400,113.4900,117.8500
035653,90,2021/02/02,09075V102,BIONTECH SE,114.7600,115.8800,110.5600,115.0000
035653,90,2021/02/03,09075V102,BIONTECH SE,118.0200,119.2500,113.7100,114.2100
035653,90,2021/02/04,09075V102,BIONTECH SE,117.5600,120.0889,116.9900,117.9000
035653,90,2021/02/05,09075V102,BIONTECH SE,117.5700,119.2100,116.5600,117.4300
035653,90,2021/02/08,09075V102,BIONTECH SE,119.5000,120.9900,117.6000,117.6100
035653,90,2021/02/09,09075V102,BIONTECH SE,117.5300,119.9800,117.1200,119.9700
035653,90,2021/02/10,09075V102,BIONTECH SE,119.3500,120.3300,117.1000,119.0550
035653,90,2021/02/11,09075V102,BIONTECH SE,118.0300,119.9300,115.4200,119.0000
035653,90,2021/02/12,09075V102,BIONTECH SE,117.5600,118.8000,115.8500,118.4900
035653,90,2021/02/16,09075V102,BIONTECH SE,114.3800,117.8200,112.5500,117.0000
035653,90,2021/02/17,09075V102,BIONTECH SE,113.5600,113.9900,108.1201,113.1100
035653,90,2021/02/18,09075V102,BIONTECH SE,112.6500,113.6099,107.3600,108.0000
035653,90,2021/02/19,09075V102,BIONTECH SE,115.6900,116.8800,113.0200,113.1000
035653,90,2021/02/22,09075V102,BIONTECH SE,114.6000,119.8000,114.0300,117.4500
035653,90,2021/02/23,09075V102,BIONTECH SE,111.9700,112.2271,106.2000,110.7800
035653,90,2021/02/24,09075V102,BIONTECH SE,114.1700,114.5800,109.2295,110.5100
035653,90,2021/02/25,09075V102,BIONTECH SE,112.3300,117.3500,111.1800,114.8700
035653,90,2021/02/26,09075V102,BIONTECH SE,109.0300,114.9800,109.0300,113.9000
035653,90,2021/03/01,09075V102,BIONTECH SE,110.2100,111.4500,108.0600,110.0000
035653,90,2021/03/02,09075V102,BIONTECH SE,104.9800,109.8600,104.2400,109.8600
035653,90,2021/03/03,09075V102,BIONTECH SE,97.2500,105.0000,97.2500,104.8300
035653,90,2021/03/04,09075V102,BIONTECH SE,95.1500,100.9059,92.5100,97.4000
035653,90,2021/03/05,09075V102,BIONTECH SE,96.2000,96.8400,91.2200,95.6800
035653,90,2021/03/08,09075V102,BIONTECH SE,90.2900,95.7000,90.2900,94.8300
035653,90,2021/03/09,09075V102,BIONTECH SE,96.4800,97.9300,93.5700,94.1100
035653,90,2021/03/10,09075V102,BIONTECH SE,98.0200,101.9900,97.0800,100.7870
035653,90,2021/03/11,09075V102,BIONTECH SE,102.6000,103.0000,100.2400,100.5000
035653,90,2021/03/12,09075V102,BIONTECH SE,103.2800,103.2800,99.0100,99.3400
035653,90,2021/03/15,09075V102,BIONTECH SE,107.8800,108.1500,102.0415,103.9900
035653,90,2021/03/16,09075V102,BIONTECH SE,108.1000,110.9800,104.7000,109.2580
035653,90,2021/03/17,09075V102,BIONTECH SE,106.6600,107.8000,102.8000,105.7400
035653,90,2021/03/18,09075V102,BIONTECH SE,103.6500,104.9100,103.0300,104.3900
035653,90,2021/03/19,09075V102,BIONTECH SE,107.5900,107.8000,102.8200,104.5000
035653,90,2021/03/22,09075V102,BIONTECH SE,107.0000,108.7000,106.3200,106.6300
035653,90,2021/03/23,09075V102,BIONTECH SE,100.1100,107.3500,100.1100,107.3300
035653,90,2021/03/24,09075V102,BIONTECH SE,94.0500,101.4800,93.3900,100.2400
035653,90,2021/03/25,09075V102,BIONTECH SE,95.1300,97.4500,92.9310,94.1000
035653,90,2021/03/26,09075V102,BIONTECH SE,95.7600,97.5400,93.8200,97.5000
035653,90,2021/03/29,09075V102,BIONTECH SE,95.9100,98.8700,93.7600,97.5400
035653,90,2021/03/30,09075V102,BIONTECH SE,104.4400,106.4763,98.6000,99.8000
035653,90,2021/03/31,09075V102,BIONTECH SE,109.1900,111.0000,107.1000,109.4670
035653,90,2021/04/01,09075V102,BIONTECH SE,113.8700,114.0800,110.5000,110.5100
035653,90,2021/04/05,09075V102,BIONTECH SE,115.3700,115.8700,110.0000,114.0100
035653,90,2021/04/06,09075V102,BIONTECH SE,117.1500,117.7500,114.1687,115.6900
035653,90,2021/04/07,09075V102,BIONTECH SE,113.3200,116.2500,112.2200,115.7600
035653,90,2021/04/08,09075V102,BIONTECH SE,114.4900,116.3000,112.5000,113.2700
035653,90,2021/04/09,09075V102,BIONTECH SE,122.1400,123.5000,114.7200,114.9500
035653,90,2021/04/12,09075V102,BIONTECH SE,121.5200,122.2500,118.2900,120.5500
035653,90,2021/04/13,09075V102,BIONTECH SE,129.6400,130.8100,124.7700,125.0000
035653,90,2021/04/14,09075V102,BIONTECH SE,132.6000,132.6000,129.2101,130.8000
035653,90,2021/04/15,09075V102,BIONTECH SE,140.7200,140.7900,128.1600,130.0000
035653,90,2021/04/16,09075V102,BIONTECH SE,151.5400,152.3200,141.4900,141.4900
035653,90,2021/04/19,09075V102,BIONTECH SE,149.4800,156.8100,146.7900,146.9700
035653,90,2021/04/20,09075V102,BIONTECH SE,156.1800,157.3000,140.8100,145.4700
035653,90,2021/04/21,09075V102,BIONTECH SE,161.8000,162.0700,152.1200,154.8400
035653,90,2021/04/22,09075V102,BIONTECH SE,168.9500,176.0000,164.8000,164.9900
035653,90,2021/04/23,09075V102,BIONTECH SE,173.0000,177.6500,171.0200,174.3370
035653,90,2021/04/26,09075V102,BIONTECH SE,174.6500,174.7700,161.5400,167.7910
035653,90,2021/04/27,09075V102,BIONTECH SE,172.8400,175.8800,169.2638,173.3700
035653,90,2021/04/28,09075V102,BIONTECH SE,175.7700,177.1900,169.3000,171.9800
035653,90,2021/04/29,09075V102,BIONTECH SE,179.6500,184.7300,177.2500,180.5800
035653,90,2021/04/30,09075V102,BIONTECH SE,188.2800,193.8499,180.6800,183.3000
035653,90,2021/05/03,09075V102,BIONTECH SE,208.9000,211.6500,196.0000,202.2500
035653,90,2021/05/04,09075V102,BIONTECH SE,176.8800,213.1500,169.3000,212.5000
035653,90,2021/05/05,09075V102,BIONTECH SE,170.7700,196.0760,161.2200,185.4100
035653,90,2021/05/06,09075V102,BIONTECH SE,168.0000,171.8900,145.0000,146.0600
035653,90,2021/05/07,09075V102,BIONTECH SE,183.7100,185.8300,175.4000,183.3410
035653,90,2021/05/10,09075V102,BIONTECH SE,202.3500,202.9500,184.5600,200.8000
035653,90,2021/05/11,09075V102,BIONTECH SE,198.0200,202.5000,185.0000,186.6100
035653,90,2021/05/12,09075V102,BIONTECH SE,186.1300,198.1890,185.6600,196.6500
035653,90,2021/05/13,09075V102,BIONTECH SE,180.7900,189.9500,172.7200,188.3290
035653,90,2021/05/14,09075V102,BIONTECH SE,192.7700,194.7700,181.5600,183.4900
035653,90,2021/05/17,09075V102,BIONTECH SE,198.3000,200.6000,191.7800,192.7400
035653,90,2021/05/18,09075V102,BIONTECH SE,194.5000,197.4500,190.2500,195.4900
035653,90,2021/05/19,09075V102,BIONTECH SE,199.0800,199.2400,186.7200,190.0000
035653,90,2021/05/20,09075V102,BIONTECH SE,203.7100,209.0200,198.3000,199.1700
035653,90,2021/05/21,09075V102,BIONTECH SE,195.6900,205.1900,195.4300,204.1300
035653,90,2021/05/24,09075V102,BIONTECH SE,194.8900,199.9880,193.2800,197.5100
035653,90,2021/05/25,09075V102,BIONTECH SE,197.5000,200.1400,193.7000,194.4600
035653,90,2021/05/26,09075V102,BIONTECH SE,202.3700,203.4999,197.5070,197.6000
035653,90,2021/05/27,09075V102,BIONTECH SE,197.7000,203.4950,196.1800,199.0500
035653,90,2021/05/28,09075V102,BIONTECH SE,204.0000,208.6000,199.1000,199.1100
035653,90,2021/06/01,09075V102,BIONTECH SE,206.1400,209.8000,204.4800,204.5700
035653,90,2021/06/02,09075V102,BIONTECH SE,219.4000,219.9400,205.2000,206.2600
035653,90,2021/06/03,09075V102,BIONTECH SE,215.3100,220.9999,213.4000,218.3000
035653,90,2021/06/04,09075V102,BIONTECH SE,233.2900,235.0000,217.0000,218.6200
035653,90,2021/06/07,09075V102,BIONTECH SE,238.1500,252.7800,237.5000,238.5600
035653,90,2021/06/08,09075V102,BIONTECH SE,220.4500,240.6038,211.2600,238.7900
035653,90,2021/06/09,09075V102,BIONTECH SE,241.4900,246.6799,222.8000,225.0200
035653,90,2021/06/10,09075V102,BIONTECH SE,239.8200,247.6600,231.0500,240.0000
035653,90,2021/06/11,09075V102,BIONTECH SE,238.5500,239.7800,233.6100,238.9660
035653,90,2021/06/14,09075V102,BIONTECH SE,220.5800,240.9200,212.4000,240.5500
035653,90,2021/06/15,09075V102,BIONTECH SE,218.1700,224.3390,213.1200,224.1400
035653,90,2021/06/16,09075V102,BIONTECH SE,203.8500,214.9700,199.5000,211.5000
035653,90,2021/06/17,09075V102,BIONTECH SE,214.2000,216.3000,208.5600,209.9000
035653,90,2021/06/18,09075V102,BIONTECH SE,212.4200,217.0997,211.5200,211.9100
035653,90,2021/06/21,09075V102,BIONTECH SE,226.0900,226.6800,214.7700,217.0620
035653,90,2021/06/22,09075V102,BIONTECH SE,236.4900,236.5519,227.8000,228.2542
035653,90,2021/06/23,09075V102,BIONTECH SE,229.5000,238.0000,219.7001,233.8800
035653,90,2021/06/24,09075V102,BIONTECH SE,227.7900,232.9699,225.8100,231.1000
035653,90,2021/06/25,09075V102,BIONTECH SE,230.0200,231.9000,225.6300,228.5000
035653,90,2021/06/28,09075V102,BIONTECH SE,228.4400,233.7400,222.7500,230.5600
035653,90,2021/06/29,09075V102,BIONTECH SE,228.0600,231.9700,223.0100,226.3000
035653,90,2021/06/30,09075V102,BIONTECH SE,223.8800,230.9899,221.2700,228.0000
035653,90,2021/07/01,09075V102,BIONTECH SE,224.0000,227.3800,220.1030,224.5000
035653,90,2021/07/02,09075V102,BIONTECH SE,224.0000,227.0000,218.1301,224.8900
035653,90,2021/07/06,09075V102,BIONTECH SE,213.5000,216.4300,209.1500,213.4250
035653,90,2021/07/07,09075V102,BIONTECH SE,205.9300,211.6000,203.0000,211.5000
035653,90,2021/07/08,09075V102,BIONTECH SE,207.9300,208.7408,194.0400,195.6700
035653,90,2021/07/09,09075V102,BIONTECH SE,217.4000,217.6000,208.5000,216.2400
035653,90,2021/07/12,09075V102,BIONTECH SE,215.6900,220.3600,214.5050,217.3730
035653,90,2021/07/13,09075V102,BIONTECH SE,207.8400,214.4300,206.8000,214.4300
035653,90,2021/07/14,09075V102,BIONTECH SE,212.0000,214.9000,204.6800,207.9300
035653,90,2021/07/15,09075V102,BIONTECH SE,221.0800,222.1790,212.0800,212.8700
035653,90,2021/07/16,09075V102,BIONTECH SE,231.4700,233.2399,222.3500,225.0800
035653,90,2021/07/19,09075V102,BIONTECH SE,242.6400,247.3100,226.4100,228.0000
035653,90,2021/07/20,09075V102,BIONTECH SE,245.1700,252.5600,232.8400,240.9300
035653,90,2021/07/21,09075V102,BIONTECH SE,259.6100,261.7700,242.0700,244.9500
035653,90,2021/07/22,09075V102,BIONTECH SE,280.9800,283.9200,264.6000,269.5600
035653,90,2021/07/23,09075V102,BIONTECH SE,281.9600,292.3350,267.0300,287.0330
035653,90,2021/07/26,09075V102,BIONTECH SE,286.2600,297.7299,276.6800,289.5000
035653,90,2021/07/27,09075V102,BIONTECH SE,284.0000,296.4600,272.1830,293.0000
035653,90,2021/07/28,09075V102,BIONTECH SE,313.4500,315.1600,282.5000,289.0000
035653,90,2021/07/29,09075V102,BIONTECH SE,312.5900,328.7000,303.4600,327.7930
035653,90,2021/07/30,09075V102,BIONTECH SE,328.3500,331.0000,308.2400,315.0100
035653,90,2021/08/02,09075V102,BIONTECH SE,340.2100,353.6400,333.1800,345.2600
035653,90,2021/08/03,09075V102,BIONTECH SE,351.8100,354.0800,336.8000,341.0100
035653,90,2021/08/04,09075V102,BIONTECH SE,414.4400,433.9000,353.7900,361.0000
035653,90,2021/08/05,09075V102,BIONTECH SE,404.9200,418.3100,375.1000,406.5000
035653,90,2021/08/06,09075V102,BIONTECH SE,389.0100,403.1500,368.1100,396.0000
035653,90,2021/08/09,09075V102,BIONTECH SE,447.2300,459.8800,403.5500,408.2300
035653,90,2021/08/10,09075V102,BIONTECH SE,416.5000,464.0000,411.3700,458.0000
035653,90,2021/08/11,09075V102,BIONTECH SE,359.1900,418.0000,336.2000,413.9000
035653,90,2021/08/12,09075V102,BIONTECH SE,374.0200,391.5700,356.0100,380.0000
035653,90,2021/08/13,09075V102,BIONTECH SE,377.3200,390.0000,367.3000,387.1400
035653,90,2021/08/16,09075V102,BIONTECH SE,343.1000,369.8400,320.0500,368.1740
035653,90,2021/08/17,09075V102,BIONTECH SE,366.2700,366.9499,320.0000,322.0000
035653,90,2021/08/18,09075V102,BIONTECH SE,363.9900,374.8000,347.0300,368.4600
035653,90,2021/08/19,09075V102,BIONTECH SE,331.8100,355.3000,330.9600,348.7000
035653,90,2021/08/20,09075V102,BIONTECH SE,348.6800,356.5000,333.0000,336.3500
035653,90,2021/08/23,09075V102,BIONTECH SE,382.1000,388.0000,370.2000,373.5170
035653,90,2021/08/24,09075V102,BIONTECH SE,368.2000,379.9799,354.2000,377.3300
035653,90,2021/08/25,09075V102,BIONTECH SE,376.0300,376.5399,351.0000,360.7800
035653,90,2021/08/26,09075V102,BIONTECH SE,369.9900,377.5990,366.0100,371.0000
035653,90,2021/08/27,09075V102,BIONTECH SE,358.4800,370.3200,354.8200,368.7900
035653,90,2021/08/30,09075V102,BIONTECH SE,345.0000,360.3300,342.7893,351.0000
035653,90,2021/08/31,09075V102,BIONTECH SE,329.1900,349.3400,327.1000,340.2600
035653,90,2021/09/01,09075V102,BIONTECH SE,332.5000,336.5000,326.5000,334.2500
035653,90,2021/09/02,09075V102,BIONTECH SE,328.5300,341.7631,326.6600,334.8600
035653,90,2021/09/03,09075V102,BIONTECH SE,334.3000,334.3100,320.7100,328.4900
035653,90,2021/09/07,09075V102,BIONTECH SE,346.6100,347.9800,332.2949,334.5400
035653,90,2021/09/08,09075V102,BIONTECH SE,336.2400,352.8100,335.2600,346.2100
035653,90,2021/09/09,09075V102,BIONTECH SE,351.3800,353.4800,336.6800,338.2900
035653,90,2021/09/10,09075V102,BIONTECH SE,349.1900,363.3000,347.5000,360.0000
035653,90,2021/09/13,09075V102,BIONTECH SE,327.1400,351.9100,322.4700,348.1910
035653,90,2021/09/14,09075V102,BIONTECH SE,334.8800,345.9200,326.0300,326.1700
035653,90,2021/09/15,09075V102,BIONTECH SE,355.2500,357.7600,337.5000,338.1100
035653,90,2021/09/16,09075V102,BIONTECH SE,372.6500,374.8500,345.0000,350.3900
035653,90,2021/09/17,09075V102,BIONTECH SE,359.1800,370.8000,344.8100,370.7400
035653,90,2021/09/20,09075V102,BIONTECH SE,339.0100,353.6400,333.3600,341.2050
035653,90,2021/09/21,09075V102,BIONTECH SE,341.3500,349.9300,337.0400,344.7700
035653,90,2021/09/22,09075V102,BIONTECH SE,339.2600,344.5700,336.6900,342.8030
035653,90,2021/09/23,09075V102,BIONTECH SE,352.9900,360.0000,341.4400,343.0000
035653,90,2021/09/24,09075V102,BIONTECH SE,333.4800,350.9200,332.4000,350.0000
035653,90,2021/09/27,09075V102,BIONTECH SE,307.0900,338.5000,305.5100,335.3610
035653,90,2021/09/28,09075V102,BIONTECH SE,276.5200,296.9000,275.0000,293.7000
035653,90,2021/09/29,09075V102,BIONTECH SE,277.4400,292.8100,275.5800,287.0000
035653,90,2021/09/30,09075V102,BIONTECH SE,272.9900,282.5000,268.8300,278.1400
035653,90,2021/10/01,09075V102,BIONTECH SE,254.7900,259.2400,230.0301,251.0000
035653,90,2021/10/04,09075V102,BIONTECH SE,248.9000,252.3700,233.5000,234.9300
035653,90,2021/10/05,09075V102,BIONTECH SE,250.1200,258.0000,248.9200,253.9520
035653,90,2021/10/06,09075V102,BIONTECH SE,236.1400,248.5400,233.7500,246.9600
035653,90,2021/10/07,09075V102,BIONTECH SE,246.5700,252.5900,232.0600,235.8000
035653,90,2021/10/08,09075V102,BIONTECH SE,245.9500,257.8999,243.2000,252.0300
035653,90,2021/10/11,09075V102,BIONTECH SE,243.0200,251.0500,240.9700,244.0000
035653,90,2021/10/12,09075V102,BIONTECH SE,243.7700,248.4200,240.1300,247.7300
035653,90,2021/10/13,09075V102,BIONTECH SE,249.4000,250.9800,244.5000,247.0700
035653,90,2021/10/14,09075V102,BIONTECH SE,250.3300,257.3400,249.0000,253.1300
035653,90,2021/10/15,09075V102,BIONTECH SE,247.6800,252.8000,245.2800,252.8000
035653,90,2021/10/18,09075V102,BIONTECH SE,261.0900,261.1300,245.0300,245.3400
035653,90,2021/10/19,09075V102,BIONTECH SE,262.8500,282.0000,262.0000,273.0000
035653,90,2021/10/20,09075V102,BIONTECH SE,269.4200,273.9700,265.0001,268.7300
035653,90,2021/10/21,09075V102,BIONTECH SE,286.3600,286.7990,275.0300,276.6000
035653,90,2021/10/22,09075V102,BIONTECH SE,278.3400,295.8150,268.0500,294.7800
035653,90,2021/10/25,09075V102,BIONTECH SE,294.9200,295.5100,278.6765,278.6765
035653,90,2021/10/26,09075V102,BIONTECH SE,292.3900,304.3500,290.6300,295.5100
035653,90,2021/10/27,09075V102,BIONTECH SE,278.7700,297.9500,277.8400,294.5400
035653,90,2021/10/28,09075V102,BIONTECH SE,283.9800,288.7100,277.1000,282.5000
035653,90,2021/10/29,09075V102,BIONTECH SE,278.7300,284.8500,273.0000,283.7500
035653,90,2021/11/01,09075V102,BIONTECH SE,274.3200,282.9000,269.2350,282.0000
035653,90,2021/11/02,09075V102,BIONTECH SE,289.4800,290.7900,276.3700,282.0800
035653,90,2021/11/03,09075V102,BIONTECH SE,295.4100,296.9500,282.7800,293.5300
035653,90,2021/11/04,09075V102,BIONTECH SE,273.9400,286.0000,263.6300,283.7800
035653,90,2021/11/05,09075V102,BIONTECH SE,216.6400,246.0000,207.5100,240.4700
035653,90,2021/11/08,09075V102,BIONTECH SE,242.6000,243.0800,228.6200,232.1800
035653,90,2021/11/09,09075V102,BIONTECH SE,226.3700,253.0000,223.5700,251.6600
035653,90,2021/11/10,09075V102,BIONTECH SE,235.4000,244.7400,229.6500,233.1600
035653,90,2021/11/11,09075V102,BIONTECH SE,235.8900,239.7900,228.4735,237.4400
035653,90,2021/11/12,09075V102,BIONTECH SE,238.1400,238.3300,231.7300,233.5000
035653,90,2021/11/15,09075V102,BIONTECH SE,250.4800,250.8800,239.4700,241.7200
035653,90,2021/11/16,09075V102,BIONTECH SE,258.0500,262.3800,244.0600,247.0400
035653,90,2021/11/17,09075V102,BIONTECH SE,272.0000,272.1485,259.6000,263.6400
035653,90,2021/11/18,09075V102,BIONTECH SE,274.0600,281.0500,265.5600,277.2760
035653,90,2021/11/19,09075V102,BIONTECH SE,289.7500,290.0100,275.1810,277.6800
035653,90,2021/11/22,09075V102,BIONTECH SE,321.7100,322.2000,292.4500,298.0000
035653,90,2021/11/23,09075V102,BIONTECH SE,308.8400,311.6100,291.5900,308.2000
035653,90,2021/11/24,09075V102,BIONTECH SE,304.7600,306.8200,291.8500,295.0000
035653,90,2021/11/26,09075V102,BIONTECH SE,348.0000,372.4900,335.0353,337.4300
035653,90,2021/11/29,09075V102,BIONTECH SE,362.5200,374.5800,346.9100,369.5000
035653,90,2021/11/30,09075V102,BIONTECH SE,351.7400,359.2700,327.1300,335.5970
035653,90,2021/12/01,09075V102,BIONTECH SE,334.4800,346.8000,330.6600,335.6500
035653,90,2021/12/02,09075V102,BIONTECH SE,333.4900,335.0000,307.0600,311.0000
035653,90,2021/12/03,09075V102,BIONTECH SE,344.0600,346.1900,328.0200,338.0000
035653,90,2021/12/06,09075V102,BIONTECH SE,279.8300,321.8600,276.4500,317.5700
035653,90,2021/12/07,09075V102,BIONTECH SE,302.6900,302.6900,284.5400,287.7200
035653,90,2021/12/08,09075V102,BIONTECH SE,291.9400,312.9600,287.2300,308.6500
035653,90,2021/12/09,09075V102,BIONTECH SE,284.2100,299.0000,283.3400,298.0600
035653,90,2021/12/10,09075V102,BIONTECH SE,257.6800,271.5600,252.8900,268.7200
035653,90,2021/12/13,09075V102,BIONTECH SE,278.2200,287.0000,264.2000,267.1420
035653,90,2021/12/14,09075V102,BIONTECH SE,276.7700,277.8999,261.0100,272.0000
035653,90,2021/12/15,09075V102,BIONTECH SE,287.0500,289.7000,271.5100,271.7800
035653,90,2021/12/16,09075V102,BIONTECH SE,283.6800,289.3200,277.0000,288.2730
035653,90,2021/12/17,09075V102,BIONTECH SE,287.2800,287.9334,271.6800,279.6000
035653,90,2021/12/20,09075V102,BIONTECH SE,275.2300,302.3400,275.0000,299.4100
035653,90,2021/12/21,09075V102,BIONTECH SE,271.4600,281.9800,266.6000,275.4000
035653,90,2021/12/22,09075V102,BIONTECH SE,259.7000,274.5493,255.5100,273.4500
035653,90,2021/12/23,09075V102,BIONTECH SE,255.2900,259.5199,250.0500,258.3300
035653,90,2021/12/27,09075V102,BIONTECH SE,254.8400,259.9000,250.2300,253.2400
035653,90,2021/12/28,09075V102,BIONTECH SE,241.4000,256.4854,238.2700,250.3500
035653,90,2021/12/29,09075V102,BIONTECH SE,240.6100,244.3000,231.7300,235.1200
035653,90,2021/12/30,09075V102,BIONTECH SE,256.8100,258.8200,238.0000,239.0200
035653,90,2021/12/31,09075V102,BIONTECH SE,257.8000,263.9499,251.3700,253.5600
